label,precision,recall,f1-score,support
High Risk,0.24879227053140096,0.3527397260273973,0.29178470254957506,584.0
Low Risk,0.8301208755308722,0.826072821846554,0.8280919015805769,3076.0
Medium Risk,0.6313559322033898,0.5287437899219305,0.5755117806102742,1409.0
accuracy,0.6888932728348787,0.6888932728348787,0.6888932728348787,0.6888932728348787
macro avg,0.570089692755221,0.5691854459319606,0.565129461580142,5069.0
weighted avg,0.7078964307748821,0.6888932728348787,0.6960956903591798,5069.0
