risk_tier,train_pct,test_pct
Low Risk,60.68329718004338,60.68258039060959
Medium Risk,27.780516663380006,27.79640954823436
High Risk,11.536186156576612,11.521010061156046
