macro_f1_mean,macro_f1_std,balanced_acc_mean,balanced_acc_std
0.25177185649658534,2.7765745801980942e-05,0.3333333333333333,0.0
